zipCode;type;name;nmls;url;website;email;phone;extractFile;status
24701;company;NATIONAL EMPLOYEES FEDERAL CREDIT UNION;1577582;https://www.nmlsconsumeraccess.org/EntityDetails.aspx/COMPANY/1577582;;charlesblankenship@frontier.com;304-325-9753;file:///Users/alexandrelazerat/Desktop/scraper.emile/data/west_virginia/24701/COMPANY/COMPANY_1577582.html;processed
24701;company;Community Action of South Eastern West Virginia, Inc.;716425;https://www.nmlsconsumeraccess.org/EntityDetails.aspx/COMPANY/716425;casewv.org;mdalton@casewv.org;681-282-5553;file:///Users/alexandrelazerat/Desktop/scraper.emile/data/west_virginia/24701/COMPANY/COMPANY_716425.html;processed
24701;company;Rocket Mortgage, LLC;3030;https://www.nmlsconsumeraccess.org/EntityDetails.aspx/COMPANY/3030;rocket.com/mortgage, www.rocketmortgage.com, www.ThatsMyMortgage.com;TariaMorris@rocketmortgage.com;313-373-4564;file:///Users/alexandrelazerat/Desktop/scraper.emile/data/west_virginia/24701/COMPANY/COMPANY_3030.html;processed
24720;company;Advisors Mortgage Group, L.L.C.;33041;https://www.nmlsconsumeraccess.org/EntityDetails.aspx/COMPANY/33041;fix-itmortgage.com, www.advisorsmortgage.com;nmls@advisorsmortgage.com;732-292-3133;file:///Users/alexandrelazerat/Desktop/scraper.emile/data/west_virginia/24720/COMPANY/COMPANY_33041.html;processed
24715;company;Moneytree, Inc.;147915;https://www.nmlsconsumeraccess.org/EntityDetails.aspx/COMPANY/147915;www.moneytreeinc.com;mindy.thieschafer@moneytreeinc.com;206-246-3500;file:///Users/alexandrelazerat/Desktop/scraper.emile/data/west_virginia/24715/COMPANY/COMPANY_147915.html;processed
24728;company;UNIVERSAL EXPRESS INC;1230900;https://www.nmlsconsumeraccess.org/EntityDetails.aspx/COMPANY/1230900;Not provided;MNRAZA@AOL.COM;770-451-4346;file:///Users/alexandrelazerat/Desktop/scraper.emile/data/west_virginia/24728/COMPANY/COMPANY_1230900.html;processed
24727;company;Ace One Mortgage, LLC;141133;https://www.nmlsconsumeraccess.org/EntityDetails.aspx/COMPANY/141133;aceonemortage.com;pem@consolidated.net;724-933-9070;file:///Users/alexandrelazerat/Desktop/scraper.emile/data/west_virginia/24727/COMPANY/COMPANY_141133.html;processed
24740;company;PrimeLending, A PlainsCapital Company;13649;https://www.nmlsconsumeraccess.org/EntityDetails.aspx/COMPANY/13649;www.loanplicity.com, www.primelending.com, www.primelendinglo.com;sgarza@primelending.com;972-248-7866;file:///Users/alexandrelazerat/Desktop/scraper.emile/data/west_virginia/24740/COMPANY/COMPANY_13649.html;processed
24754;company;VANVATI MATA INC;1241585;https://www.nmlsconsumeraccess.org/EntityDetails.aspx/COMPANY/1241585;Not provided;nick_dude81@hotmail.com;912-856-2495;file:///Users/alexandrelazerat/Desktop/scraper.emile/data/west_virginia/24754/COMPANY/COMPANY_1241585.html;processed
24772;company;MGC Mortgage, Inc.;204988;https://www.nmlsconsumeraccess.org/EntityDetails.aspx/COMPANY/204988;www.mgcmortgage.com;mconner@mgcmortgage.com;469-229-8756;file:///Users/alexandrelazerat/Desktop/scraper.emile/data/west_virginia/24772/COMPANY/COMPANY_204988.html;processed
24787;company;Apex Home Loans, Inc.;2884;https://www.nmlsconsumeraccess.org/EntityDetails.aspx/COMPANY/2884;www.apexhomeloans.com;david.robnett@celebrityhomeloans.com;314-640-3300;file:///Users/alexandrelazerat/Desktop/scraper.emile/data/west_virginia/24787/COMPANY/COMPANY_2884.html;processed
24792;company;Capital Investment & Loan, LLC;24792;https://www.nmlsconsumeraccess.org/EntityDetails.aspx/COMPANY/24792;www.capinvestloan.com;info@laineandassociates.com;781-556-5647;file:///Users/alexandrelazerat/Desktop/scraper.emile/data/west_virginia/24792/COMPANY/COMPANY_24792.html;processed
24796;company;Loan Republic Financial, Inc.;24796;https://www.nmlsconsumeraccess.org/EntityDetails.aspx/COMPANY/24796;www.loanrepublic.com;joshmotto@loanrepublic.com;415-762-1816;file:///Users/alexandrelazerat/Desktop/scraper.emile/data/west_virginia/24796/COMPANY/COMPANY_24796.html;processed
24794;company;Associated Mortgage Bankers, Inc.;24794;https://www.nmlsconsumeraccess.org/EntityDetails.aspx/COMPANY/24794;http://www.ambmortgage.com;compliance@ambmortgage.com;800-684-1045;file:///Users/alexandrelazerat/Desktop/scraper.emile/data/west_virginia/24794/COMPANY/COMPANY_24794.html;processed
24801;company;MCNB Bank and Trust Co;320628;https://www.nmlsconsumeraccess.org/EntityDetails.aspx/COMPANY/320628;;john.reed@mcnbbanks.com;304-436-4112;file:///Users/alexandrelazerat/Desktop/scraper.emile/data/west_virginia/24801/COMPANY/COMPANY_320628.html;processed
24801;company;SAFE Housing and Economic Development, Inc.;262548;https://www.nmlsconsumeraccess.org/EntityDetails.aspx/COMPANY/262548;www.wvshed.org;kathyegentry@yahoo.com;304-436-6367;file:///Users/alexandrelazerat/Desktop/scraper.emile/data/west_virginia/24801/COMPANY/COMPANY_262548.html;processed
24832;company;Western Union International Services, LLC;906985;https://www.nmlsconsumeraccess.org/EntityDetails.aspx/COMPANY/906985;www.orlandivaluta.com, www.vigoglobal.com, www.westernunion.com;WUISLicensing@westernunion.com;866-959-9898;file:///Users/alexandrelazerat/Desktop/scraper.emile/data/west_virginia/24832/COMPANY/COMPANY_906985.html;processed
24836;company;Cypress Loan Servicing LLC;185729;https://www.nmlsconsumeraccess.org/EntityDetails.aspx/COMPANY/185729;www.cypress-ls.com;Licensing@cypress-ls.com;972-996-4949;file:///Users/alexandrelazerat/Desktop/scraper.emile/data/west_virginia/24836/COMPANY/COMPANY_185729.html;processed
24844;company;PIONEER COMMUNITY BANK, INC.;477267;https://www.nmlsconsumeraccess.org/EntityDetails.aspx/COMPANY/477267;;k.gillespie@pioneercb.com;681-238-6518;file:///Users/alexandrelazerat/Desktop/scraper.emile/data/west_virginia/24844/COMPANY/COMPANY_477267.html;processed
24849;company;Geneva Financial, LLC;42056;https://www.nmlsconsumeraccess.org/EntityDetails.aspx/COMPANY/42056;www.genevaFI.com;telle@genevafi.com;888-889-0009;file:///Users/alexandrelazerat/Desktop/scraper.emile/data/west_virginia/24849/COMPANY/COMPANY_42056.html;processed
24852;company;Security Finance of Georgia, LLC;2029421;https://www.nmlsconsumeraccess.org/EntityDetails.aspx/COMPANY/2029421;www.securityfinance.com;BranchLicensing@security-finance.com;864-237-6117;file:///Users/alexandrelazerat/Desktop/scraper.emile/data/west_virginia/24852/COMPANY/COMPANY_2029421.html;processed
24862;company;AMG Finance GA, Inc.;2029919;https://www.nmlsconsumeraccess.org/EntityDetails.aspx/COMPANY/2029919;amgloan.com;Chip.asbury@asburymgmt.com;704-256-3870;file:///Users/alexandrelazerat/Desktop/scraper.emile/data/west_virginia/24862/COMPANY/COMPANY_2029919.html;processed
24864;company;Remitly, Inc.;1028236;https://www.nmlsconsumeraccess.org/EntityDetails.aspx/COMPANY/1028236;www.remitly.com;USA-Compliance@remitly.com;206-535-6152;file:///Users/alexandrelazerat/Desktop/scraper.emile/data/west_virginia/24864/COMPANY/COMPANY_1028236.html;processed
24901;company;Alcova Mortgage LLC;40508;https://www.nmlsconsumeraccess.org/EntityDetails.aspx/COMPANY/40508;www.alcova.com, www.alcovamortgage.com;recert@alcova.com;540-904-0005;file:///Users/alexandrelazerat/Desktop/scraper.emile/data/west_virginia/24901/COMPANY/COMPANY_40508.html;processed
24902;company;1st Franklin Financial Corporation;141654;https://www.nmlsconsumeraccess.org/EntityDetails.aspx/COMPANY/141654;1ffc.com;ehart@1ffc.com;17063489627;file:///Users/alexandrelazerat/Desktop/scraper.emile/data/west_virginia/24902/COMPANY/COMPANY_141654.html;processed
24912;company;PennyMac Loan Services, LLC;35953;https://www.nmlsconsumeraccess.org/EntityDetails.aspx/COMPANY/35953;www.pennymac.com, www.pennymacbrokerdirect.com (WEBSITE FOR WHOLESALE BROKERS - B2B Only);govlicensing@pennymac.com;818-746-2883;file:///Users/alexandrelazerat/Desktop/scraper.emile/data/west_virginia/24912/COMPANY/COMPANY_35953.html;processed
24938;company;DAS Acquisition Company, LLC;227262;https://www.nmlsconsumeraccess.org/EntityDetails.aspx/COMPANY/227262;www.usa-mortgage.com;lpring@usa-mortgage.com;314-628-2000;file:///Users/alexandrelazerat/Desktop/scraper.emile/data/west_virginia/24938/COMPANY/COMPANY_227262.html;processed
24963;company;The First National Bank of Peterstown;774897;https://www.nmlsconsumeraccess.org/EntityDetails.aspx/COMPANY/774897;;jbrown@fnbpeterstown.com;304-753-4321;file:///Users/alexandrelazerat/Desktop/scraper.emile/data/west_virginia/24963/COMPANY/COMPANY_774897.html;processed
24961;company;A+ Financial Services, Inc.;1228554;https://www.nmlsconsumeraccess.org/EntityDetails.aspx/COMPANY/1228554;aplus.loans, www.MyBudgetCenter.com;storemanagers@aplusfinancial.biz;678-720-9006;file:///Users/alexandrelazerat/Desktop/scraper.emile/data/west_virginia/24961/COMPANY/COMPANY_1228554.html;processed
24973;company;Wall Street Mortgage Bankers, Ltd.;1324;https://www.nmlsconsumeraccess.org/EntityDetails.aspx/COMPANY/1324;www.powerexpressmortgage.com;kkantrowitz@powerexpressmortgage.com;516-355-4500;file:///Users/alexandrelazerat/Desktop/scraper.emile/data/west_virginia/24973/COMPANY/COMPANY_1324.html;processed
24983;company;THE BANK OF MONROE;629407;https://www.nmlsconsumeraccess.org/EntityDetails.aspx/COMPANY/629407;;smcneer@bomwv.com;304-772-3034;file:///Users/alexandrelazerat/Desktop/scraper.emile/data/west_virginia/24983/COMPANY/COMPANY_629407.html;processed
24977;company;Ciras, Inc.;2557691;https://www.nmlsconsumeraccess.org/EntityDetails.aspx/COMPANY/2557691;Not provided;tjenkins@smootinvest.com;877-392-6902x230;file:///Users/alexandrelazerat/Desktop/scraper.emile/data/west_virginia/24977/COMPANY/COMPANY_2557691.html;processed
24977;company;Ciras, L.L.C.;2552396;https://www.nmlsconsumeraccess.org/EntityDetails.aspx/COMPANY/2552396;Not provided;tjenkins@smootinvest.com;877-392-6902x230;file:///Users/alexandrelazerat/Desktop/scraper.emile/data/west_virginia/24977/COMPANY/COMPANY_2552396.html;processed
24977;company;Smoot Investments Inc.;1113588;https://www.nmlsconsumeraccess.org/EntityDetails.aspx/COMPANY/1113588;www.smootinvest.com;tjenkins@smootinvest.com;304-392-6902;file:///Users/alexandrelazerat/Desktop/scraper.emile/data/west_virginia/24977/COMPANY/COMPANY_1113588.html;processed
24981;company;Omni Financial of Nevada, Inc.;1657851;https://www.nmlsconsumeraccess.org/EntityDetails.aspx/COMPANY/1657851;www.omnimilitaryloans.com;compliance@yesomni.com;702-437-6057;file:///Users/alexandrelazerat/Desktop/scraper.emile/data/west_virginia/24981/COMPANY/COMPANY_1657851.html;processed
24997;company;The Druck Group Inc.;152040;https://www.nmlsconsumeraccess.org/EntityDetails.aspx/COMPANY/152040;www.thedruckgroup.com;stephen.druck@thedruckgroup.com;484-393-1066;file:///Users/alexandrelazerat/Desktop/scraper.emile/data/west_virginia/24997/COMPANY/COMPANY_152040.html;processed
25002;company;Alloy Federal Credit Union;1061713;https://www.nmlsconsumeraccess.org/EntityDetails.aspx/COMPANY/1061713;;kvance@alloyfcu.com;304-779-2773;file:///Users/alexandrelazerat/Desktop/scraper.emile/data/west_virginia/25002/COMPANY/COMPANY_1061713.html;processed
25037;company;Publix Super Markets, Inc.;1234752;https://www.nmlsconsumeraccess.org/EntityDetails.aspx/COMPANY/1234752;http://www.publix.com;publixlicensing@publix.com;863-688-1188 x 35022;file:///Users/alexandrelazerat/Desktop/scraper.emile/data/west_virginia/25037/COMPANY/COMPANY_1234752.html;processed
25033;company;Streber Mortgage, LLC;139040;https://www.nmlsconsumeraccess.org/EntityDetails.aspx/COMPANY/139040;www.strebermortgage.com;sstreber@strebermortgage.com;937-382-1313;file:///Users/alexandrelazerat/Desktop/scraper.emile/data/west_virginia/25033/COMPANY/COMPANY_139040.html;processed
25035;company;Doral Capital Corporation;141900;https://www.nmlsconsumeraccess.org/EntityDetails.aspx/COMPANY/141900;Not provided;kuimingjin@gmail.com;267-625-5296;file:///Users/alexandrelazerat/Desktop/scraper.emile/data/west_virginia/25035/COMPANY/COMPANY_141900.html;processed
25039;company;Residential Financial Services, Inc.;144165;https://www.nmlsconsumeraccess.org/EntityDetails.aspx/COMPANY/144165;www.homesbyrfs.com;jmacrfs@gmail.com;412-377-1175;file:///Users/alexandrelazerat/Desktop/scraper.emile/data/west_virginia/25039/COMPANY/COMPANY_144165.html;processed
25043;company;Clay County Bank, Inc.;412811;https://www.nmlsconsumeraccess.org/EntityDetails.aspx/COMPANY/412811;;ccbank@claycountybank.com;304-587-4221;file:///Users/alexandrelazerat/Desktop/scraper.emile/data/west_virginia/25043/COMPANY/COMPANY_412811.html;processed
25047;company;Sunrise LLC;142768;https://www.nmlsconsumeraccess.org/EntityDetails.aspx/COMPANY/142768;Not provided;yunlai77@yahoo.com;412-279-0860;file:///Users/alexandrelazerat/Desktop/scraper.emile/data/west_virginia/25047/COMPANY/COMPANY_142768.html;processed
25056;company;Paramount Mortgage Resources, Inc.;145212;https://www.nmlsconsumeraccess.org/EntityDetails.aspx/COMPANY/145212;Not provided;xnwang@comcast.net;215-592-6442;file:///Users/alexandrelazerat/Desktop/scraper.emile/data/west_virginia/25056/COMPANY/COMPANY_145212.html;processed
25058;company;Advantage Financial Funding Corporation;143649;https://www.nmlsconsumeraccess.org/EntityDetails.aspx/COMPANY/143649;www.AdvantageFinancial.com;advanfin@aol.com;610-594-8880;file:///Users/alexandrelazerat/Desktop/scraper.emile/data/west_virginia/25058/COMPANY/COMPANY_143649.html;processed
25064;company;KEMBA Charleston Federal Credit Union;491035;https://www.nmlsconsumeraccess.org/EntityDetails.aspx/COMPANY/491035;;kemba@kembacharlestonfcu.org;304-768-5776;file:///Users/alexandrelazerat/Desktop/scraper.emile/data/west_virginia/25064/COMPANY/COMPANY_491035.html;processed
25061;company;Alliance Mortgage Funding, Inc.;130762;https://www.nmlsconsumeraccess.org/EntityDetails.aspx/COMPANY/130762;www.themandisteam.com;craig@themandisteam.com;410-683-1500;file:///Users/alexandrelazerat/Desktop/scraper.emile/data/west_virginia/25061/COMPANY/COMPANY_130762.html;processed
25072;company;Bishop Finance Inc.;2032795;https://www.nmlsconsumeraccess.org/EntityDetails.aspx/COMPANY/2032795;Not provided;TonyabPowe@yahoo.com;229-377-7766;file:///Users/alexandrelazerat/Desktop/scraper.emile/data/west_virginia/25072/COMPANY/COMPANY_2032795.html;processed
25101;company;Richard T. Wilson;25101;https://www.nmlsconsumeraccess.org/EntityDetails.aspx/COMPANY/25101;Not provided;lucky4w@aol.com;518-798-0478;file:///Users/alexandrelazerat/Desktop/scraper.emile/data/west_virginia/25101/COMPANY/COMPANY_25101.html;processed
25119;company;Redwood Residential Acquisition Corporation;221649;https://www.nmlsconsumeraccess.org/EntityDetails.aspx/COMPANY/221649;Not provided;andy.stone@redwoodtrust.com;(415) 389-7373;file:///Users/alexandrelazerat/Desktop/scraper.emile/data/west_virginia/25119/COMPANY/COMPANY_221649.html;processed
25119;company;Spectrum Mortgage Services, Inc.;141140;https://www.nmlsconsumeraccess.org/EntityDetails.aspx/COMPANY/141140;Not provided;spectrummort@aol.com;609-859-1800;file:///Users/alexandrelazerat/Desktop/scraper.emile/data/west_virginia/25119/COMPANY/COMPANY_141140.html;processed
25132;company;DELBERT SERVICES CORPORATION;25132;https://www.nmlsconsumeraccess.org/EntityDetails.aspx/COMPANY/25132;www.delbertservices.com;cesar.guzman@delbertservices.com;702-318-5910;file:///Users/alexandrelazerat/Desktop/scraper.emile/data/west_virginia/25132/COMPANY/COMPANY_25132.html;processed
25143;company;PEOPLES FEDERAL CREDIT UNION;244532;https://www.nmlsconsumeraccess.org/EntityDetails.aspx/COMPANY/244532;;vhuffman@peoplesfcu.com;304-722-2274x112;file:///Users/alexandrelazerat/Desktop/scraper.emile/data/west_virginia/25143/COMPANY/COMPANY_244532.html;processed
25167;company;J.J. BEST & COMPANY;934656;https://www.nmlsconsumeraccess.org/EntityDetails.aspx/COMPANY/934656;www.jjbest.com;compliance@jjbest.com;508-991-8000;file:///Users/alexandrelazerat/Desktop/scraper.emile/data/west_virginia/25167/COMPANY/COMPANY_934656.html;processed
25183;company;SHRI BAVAJI, INC;1245843;https://www.nmlsconsumeraccess.org/EntityDetails.aspx/COMPANY/1245843;Not provided;TUSHAR28215@YAHOO.COM;229-300-9451;file:///Users/alexandrelazerat/Desktop/scraper.emile/data/west_virginia/25183/COMPANY/COMPANY_1245843.html;processed
25199;company;Citywide Home Loans, LLC;67180;https://www.nmlsconsumeraccess.org/EntityDetails.aspx/COMPANY/67180;Not provided;licensing@rate.com;773-897-6587;file:///Users/alexandrelazerat/Desktop/scraper.emile/data/west_virginia/25199/COMPANY/COMPANY_67180.html;processed
25207;company;United Mortgage Brokers, Inc.;103737;https://www.nmlsconsumeraccess.org/EntityDetails.aspx/COMPANY/103737;www.unitedmortgage1.com;loans@unitedmortgage1.com;484-674-1090;file:///Users/alexandrelazerat/Desktop/scraper.emile/data/west_virginia/25207/COMPANY/COMPANY_103737.html;processed
25211;company;World Finance Company of Georgia, LLC;2032867;https://www.nmlsconsumeraccess.org/EntityDetails.aspx/COMPANY/2032867;www.loansbyworld.com;kristen.theo@worldacceptance.com;864-298-9800;file:///Users/alexandrelazerat/Desktop/scraper.emile/data/west_virginia/25211/COMPANY/COMPANY_2032867.html;processed
25209;company;Whitesville State Bank;618841;https://www.nmlsconsumeraccess.org/EntityDetails.aspx/COMPANY/618841;;clewis@whitesvillesb.com;304-854-1271;file:///Users/alexandrelazerat/Desktop/scraper.emile/data/west_virginia/25209/COMPANY/COMPANY_618841.html;processed
25234;company;Credit Protection Association, L. P.;933191;https://www.nmlsconsumeraccess.org/EntityDetails.aspx/COMPANY/933191;www.creditprotect.com;jeffd@creditprotect.com;972-233-9616x1186;file:///Users/alexandrelazerat/Desktop/scraper.emile/data/west_virginia/25234/COMPANY/COMPANY_933191.html;processed
25254;company;Price Financial Services, LLC;17609;https://www.nmlsconsumeraccess.org/EntityDetails.aspx/COMPANY/17609;www.pricefinancialservices.com;pricefinancialservices@yahoo.com;610-964-1200;file:///Users/alexandrelazerat/Desktop/scraper.emile/data/west_virginia/25254/COMPANY/COMPANY_17609.html;processed
25271;company;Victorian Finance, LLC;50635;https://www.nmlsconsumeraccess.org/EntityDetails.aspx/COMPANY/50635;www.amerihomeloans.com, www.danthelender.com, www.vicfin.com, www.victorianfinance.com, www.yourmortgagemadeeasy.com;sonny@victorianfinance.com;412-854-4500x205;file:///Users/alexandrelazerat/Desktop/scraper.emile/data/west_virginia/25271/COMPANY/COMPANY_50635.html;processed
25303;company;West Virginia Federal Credit Union;802281;https://www.nmlsconsumeraccess.org/EntityDetails.aspx/COMPANY/802281;;contact@wvfcu.org;304-744-7604x3510;file:///Users/alexandrelazerat/Desktop/scraper.emile/data/west_virginia/25303/COMPANY/COMPANY_802281.html;processed
25303;company;CrossCountry Mortgage, LLC;3029;https://www.nmlsconsumeraccess.org/EntityDetails.aspx/COMPANY/3029;www.ccm.com, www.crosscountrymortgage.com, www.myccmortgage.com, www.myccmortgage.com;Ashley.Cook@ccm.com;440-845-3700;file:///Users/alexandrelazerat/Desktop/scraper.emile/data/west_virginia/25303/COMPANY/COMPANY_3029.html;processed
25302;company;CommunityWorks in West Virginia, Inc.;252624;https://www.nmlsconsumeraccess.org/EntityDetails.aspx/COMPANY/252624;www.communityworkswv.org;craigpetry@communityworkswv.org;3049652241;file:///Users/alexandrelazerat/Desktop/scraper.emile/data/west_virginia/25302/COMPANY/COMPANY_252624.html;processed
25302;company;Members Choice WV Federal Credit Union;422340;https://www.nmlsconsumeraccess.org/EntityDetails.aspx/COMPANY/422340;;jburch@wvdsl.net;304-346-5242;file:///Users/alexandrelazerat/Desktop/scraper.emile/data/west_virginia/25302/COMPANY/COMPANY_422340.html;processed
25302;company;Cornerstone First Mortgage, LLC;173855;https://www.nmlsconsumeraccess.org/EntityDetails.aspx/COMPANY/173855;https://www.cfmtg.com;info@cfmtg.com;866-815-1803;file:///Users/alexandrelazerat/Desktop/scraper.emile/data/west_virginia/25302/COMPANY/COMPANY_173855.html;processed
25301;company;Habitat for Humanity of Kanawha and Putnam;1414397;https://www.nmlsconsumeraccess.org/EntityDetails.aspx/COMPANY/1414397;hfhkp.org;info@hfhkp.org;304-720-0141;file:///Users/alexandrelazerat/Desktop/scraper.emile/data/west_virginia/25301/COMPANY/COMPANY_1414397.html;processed
25301;company;Pioneer West Virginia Federal Credit Union;409681;https://www.nmlsconsumeraccess.org/EntityDetails.aspx/COMPANY/409681;;bstarcher@pioneerafcu.org;304-348-6648 x2147;file:///Users/alexandrelazerat/Desktop/scraper.emile/data/west_virginia/25301/COMPANY/COMPANY_409681.html;processed
25301;company;Poca Valley Bank, Inc.,The;449300;https://www.nmlsconsumeraccess.org/EntityDetails.aspx/COMPANY/449300;;dkitts@pocavalleybank.com;304-548-6790;file:///Users/alexandrelazerat/Desktop/scraper.emile/data/west_virginia/25301/COMPANY/COMPANY_449300.html;processed
25301;company;Gateway First Bank;7233;https://www.nmlsconsumeraccess.org/EntityDetails.aspx/COMPANY/7233;http://www.gatewayfirst.com;bill.fisher@gatewayfirst.com;918-712-9000;file:///Users/alexandrelazerat/Desktop/scraper.emile/data/west_virginia/25301/COMPANY/COMPANY_7233.html;processed
25301;company;Movement Mortgage, LLC;39179;https://www.nmlsconsumeraccess.org/EntityDetails.aspx/COMPANY/39179;www.movement.com, www.movementmortgage.com;compliance@movement.com;877-314-1499;file:///Users/alexandrelazerat/Desktop/scraper.emile/data/west_virginia/25301/COMPANY/COMPANY_39179.html;processed
25314;company;Star USA Federal Credit Union;476291;https://www.nmlsconsumeraccess.org/EntityDetails.aspx/COMPANY/476291;;csmith@starusafcu.com;304-357-2319;file:///Users/alexandrelazerat/Desktop/scraper.emile/data/west_virginia/25314/COMPANY/COMPANY_476291.html;processed
25304;company;West Virginia Housing Development Fund;198038;https://www.nmlsconsumeraccess.org/EntityDetails.aspx/COMPANY/198038;www.wvhdf.com;eboggess@wvhdf.com;304-391-8600;file:///Users/alexandrelazerat/Desktop/scraper.emile/data/west_virginia/25304/COMPANY/COMPANY_198038.html;processed
25304;company;CAMC Federal Credit Union;434921;https://www.nmlsconsumeraccess.org/EntityDetails.aspx/COMPANY/434921;;creditunion@camc.org;304-388-5700;file:///Users/alexandrelazerat/Desktop/scraper.emile/data/west_virginia/25304/COMPANY/COMPANY_434921.html;processed
25304;company;City National Bank of West Virginia;431538;https://www.nmlsconsumeraccess.org/EntityDetails.aspx/COMPANY/431538;;kcochran@cityholding.com;304-769-1100;file:///Users/alexandrelazerat/Desktop/scraper.emile/data/west_virginia/25304/COMPANY/COMPANY_431538.html;processed
25304;company;Element Federal Credit Union;810050;https://www.nmlsconsumeraccess.org/EntityDetails.aspx/COMPANY/810050;;samantha.painter@element.org;304-756-8139;file:///Users/alexandrelazerat/Desktop/scraper.emile/data/west_virginia/25304/COMPANY/COMPANY_810050.html;processed
25304;company;Union Home Mortgage Corp.;2229;https://www.nmlsconsumeraccess.org/EntityDetails.aspx/COMPANY/2229;www.uhm.com, www.uhwholesale.com, www.unionhomemortgage.com, www.unionnationalmortgage.com, www.vloan.com/;licensing@uhm.com;440-234-4300 x111;file:///Users/alexandrelazerat/Desktop/scraper.emile/data/west_virginia/25304/COMPANY/COMPANY_2229.html;processed
25311;company;Religious Coalition for Community Renewal;1040197;https://www.nmlsconsumeraccess.org/EntityDetails.aspx/COMPANY/1040197;www.rccr.org;payned@rccr.org;304-346-6398;file:///Users/alexandrelazerat/Desktop/scraper.emile/data/west_virginia/25311/COMPANY/COMPANY_1040197.html;processed
25311;company;The State Credit Union;422264;https://www.nmlsconsumeraccess.org/EntityDetails.aspx/COMPANY/422264;;cmallory@scuwv.com;304-558-5679;file:///Users/alexandrelazerat/Desktop/scraper.emile/data/west_virginia/25311/COMPANY/COMPANY_422264.html;processed
25311;company;WEST VIRGINIA NATIONAL GUARD FEDERAL CREDIT UNION;768478;https://www.nmlsconsumeraccess.org/EntityDetails.aspx/COMPANY/768478;;emily@wvngfcu.com;304-342-2422;file:///Users/alexandrelazerat/Desktop/scraper.emile/data/west_virginia/25311/COMPANY/COMPANY_768478.html;processed
25385;company;Lexicon Financial Services, LLC;138652;https://www.nmlsconsumeraccess.org/EntityDetails.aspx/COMPANY/138652;Not provided;smith.diane.e@gmail.com;215-460-8456;file:///Users/alexandrelazerat/Desktop/scraper.emile/data/west_virginia/25385/COMPANY/COMPANY_138652.html;processed
25396;company;Sierra Pacific Mortgage Company, Inc.;1788;https://www.nmlsconsumeraccess.org/EntityDetails.aspx/COMPANY/1788;www.andrewandtodd.com, www.chrisgravesmortgageexpert.com, www.joinsierrapacificmortgage.com, www.sierrapacificmortgage.com, www.sierrapmc.com, www.theasplenteam.com;compliance@spmc.com;800-447-3386;file:///Users/alexandrelazerat/Desktop/scraper.emile/data/west_virginia/25396/COMPANY/COMPANY_1788.html;processed
25411;company;CNB Bank, Inc;681652;https://www.nmlsconsumeraccess.org/EntityDetails.aspx/COMPANY/681652;;humanresources@cnbwv.com;304-258-1520;file:///Users/alexandrelazerat/Desktop/scraper.emile/data/west_virginia/25411/COMPANY/COMPANY_681652.html;processed
25403;company;Eastern Panhandle Federal Credit Union;757344;https://www.nmlsconsumeraccess.org/EntityDetails.aspx/COMPANY/757344;;tinas@easternpanhandlefcu.com;304-263-2887x103;file:///Users/alexandrelazerat/Desktop/scraper.emile/data/west_virginia/25403/COMPANY/COMPANY_757344.html;processed
25403;company;Intercoastal Mortgage, LLC;56323;https://www.nmlsconsumeraccess.org/EntityDetails.aspx/COMPANY/56323;https://intercoastalmortgage.com/, www.BurrussTeam.com, www.chrisfielding.com, www.estenger.mvbmortgage.com, www.MikesMyLender.com, www.nashhockmangroup.com, www.superlendingteam.com, www.TeamHamandi.com, www.thebarefootlender.com, www.TheMyaGroup.com;licensing@icmtg.com;703-449-6800;file:///Users/alexandrelazerat/Desktop/scraper.emile/data/west_virginia/25403/COMPANY/COMPANY_56323.html;processed
25403;company;TJC Mortgage, Inc.;2239;https://www.nmlsconsumeraccess.org/EntityDetails.aspx/COMPANY/2239;mortgageright.com, www.tjcmortgage.com;jorge@mortgageright.com;205-582-4065;file:///Users/alexandrelazerat/Desktop/scraper.emile/data/west_virginia/25403/COMPANY/COMPANY_2239.html;processed
25403;company;Home Mortgage WV, LLC;2140407;https://www.nmlsconsumeraccess.org/EntityDetails.aspx/COMPANY/2140407;jmo044@Yahoo.com;jmo044@Yahoo.com;571-331-7558;file:///Users/alexandrelazerat/Desktop/scraper.emile/data/west_virginia/25403/COMPANY/COMPANY_2140407.html;processed
25422;company;Joes Enterprises, Inc.;1273615;https://www.nmlsconsumeraccess.org/EntityDetails.aspx/COMPANY/1273615;Not provided;smokeplus98273@yahoo.com;360-416-0117;file:///Users/alexandrelazerat/Desktop/scraper.emile/data/west_virginia/25422/COMPANY/COMPANY_1273615.html;processed
25419;company;Churchill Mortgage Corporation;1591;https://www.nmlsconsumeraccess.org/EntityDetails.aspx/COMPANY/1591;5hiddentraps.com, 6hiddentraps.com, 6traps.com, askexpertdon.com, churchillanderson.info, churchillbrentwood.biz, churchillbrentwood.info, churchillbrentwood.me, churchillbrentwood.mobi, churchillbrentwood.net, churchillbrentwood.org, churchillbrentwood.us, churchillbrentwood.ws, churchillcolorado.com, churchillguide.com, churchillheroes.com, churchillhouston.com, churchillmortgage.me, churchillmortgagefoundation.com, churchillmortgageomaha.com, churchillnebraska.com, cmcfreereport.com, cmlife.com, darrenmccroskeyhomeloan.com, davesbabysteps.com, edwardnorthcmc.com, heroesfirst.com, heroesfirsthomeloans.com, http://vimeo.com/churchillmortgage, http://www.brownteamlending.com, http://www.churchillbrentwood.com, joinchurchill.com, mortgageappsonline.com, nocreditscorehomeloan.com, nocreditscoremortgage.com, northwestlendingteam.com, noscorehomeloan.com, nwlendingteam.com, paradeofhomesgiveaway.com, phillipsteamchurchill.com, sandigreenloanteam.com, starpointegiveaway.com, www.churchillgeorgia.com, www.churchillmortgage.com, www.mychurchill.com;LICENSING@churchillmortgage.com;615-370-8888-158;file:///Users/alexandrelazerat/Desktop/scraper.emile/data/west_virginia/25419/COMPANY/COMPANY_1591.html;processed
25401;company;Shawn Johnson;1676588;https://www.nmlsconsumeraccess.org/EntityDetails.aspx/COMPANY/1676588;Not provided;sj42478@yahoo.com;304-267-5464;file:///Users/alexandrelazerat/Desktop/scraper.emile/data/west_virginia/25401/COMPANY/COMPANY_1676588.html;processed
25401;company;167th TFR Federal Credit Union;441393;https://www.nmlsconsumeraccess.org/EntityDetails.aspx/COMPANY/441393;;fcu167th@yahoo.com;304-267-2944;file:///Users/alexandrelazerat/Desktop/scraper.emile/data/west_virginia/25401/COMPANY/COMPANY_441393.html;processed
25401;company;Canopy Mortgage, LLC;1359687;https://www.nmlsconsumeraccess.org/EntityDetails.aspx/COMPANY/1359687;www.boxhomeloans.com, www.canopymortgage.com, www.goldmortgage.net, www.idahofirstmortgage.com, www.mypineapplemortgage.com, www.velocityhl.com;licensing@canopymortgage.com;877-426-5500;file:///Users/alexandrelazerat/Desktop/scraper.emile/data/west_virginia/25401/COMPANY/COMPANY_1359687.html;processed
25401;company;Homespire Mortgage Corporation;183215;https://www.nmlsconsumeraccess.org/EntityDetails.aspx/COMPANY/183215;www.homespiremortgage.com;licensing@homespiremortgage.com;301-956-2900;file:///Users/alexandrelazerat/Desktop/scraper.emile/data/west_virginia/25401/COMPANY/COMPANY_183215.html;processed
25401;company;Prosperity Home Mortgage, LLC;75164;https://www.nmlsconsumeraccess.org/EntityDetails.aspx/COMPANY/75164;www.edinarealtymortgage.com, www.phmloans.com;katherine.bosma@phmloans.com;877-275-1762;file:///Users/alexandrelazerat/Desktop/scraper.emile/data/west_virginia/25401/COMPANY/COMPANY_75164.html;processed
25401;company;Embrace Home Loans, Inc.;2184;https://www.nmlsconsumeraccess.org/EntityDetails.aspx/COMPANY/2184;http://embracehomeloans.com, http://widerpathhome.com, http://www.embracehomeloans.com, http://www.widerpathhome.com;licensing@embracehomeloans.com;800-333-3004x3330;file:///Users/alexandrelazerat/Desktop/scraper.emile/data/west_virginia/25401/COMPANY/COMPANY_2184.html;processed
25401;company;Integrity Home Mortgage Corporation;208516;https://www.nmlsconsumeraccess.org/EntityDetails.aspx/COMPANY/208516;ReverseWithIntegrity.com, www.ihmcloans.com;ahuddleston@ihmcloans.com;540-504-7000;file:///Users/alexandrelazerat/Desktop/scraper.emile/data/west_virginia/25401/COMPANY/COMPANY_208516.html;processed
25427;company;CTC Loan Processing,LLC;1221545;https://www.nmlsconsumeraccess.org/EntityDetails.aspx/COMPANY/1221545;www.ctcloanprocessing.com;kmoore@ctcloanprocessing.com;304-671-9517;file:///Users/alexandrelazerat/Desktop/scraper.emile/data/west_virginia/25427/COMPANY/COMPANY_1221545.html;processed
25404;company;Mortgage Financing.com, Inc;237527;https://www.nmlsconsumeraccess.org/EntityDetails.aspx/COMPANY/237527;www.mortgagefinancing.com;msavitt@mortgagefinancing.com;304-267-9040;file:///Users/alexandrelazerat/Desktop/scraper.emile/data/west_virginia/25404/COMPANY/COMPANY_237527.html;processed
25404;company;American Pacific Mortgage Corporation;1850;https://www.nmlsconsumeraccess.org/EntityDetails.aspx/COMPANY/1850;aaronhoy.com, abilityambeckmortgage.com, absoluteloans.com, affloans.com, all-california.com, allcalifornia.com, allthebesthomeloans.com, apmburketeam.com, apmcbozeman.com, apmcfamily.com, apmdirectlender.net, apmeverett.com, apmlending.com, apmobile.apmortgage.com, apmortgage.com, apmortgage.com, apmortgage.mymortgage-online.com, apmortgageaz.com, apmpreescott.com, apmtehachapi.com, aprmg.com, arrowoodteam.com, bestloansnw.com, bigvalleymortgage.com, blueribbonmortgage.com, bracamonte.mortgage/, bradtrinkwon.com, briancasshomeloans.com, capstonehomeloans.com, carlaleemortgage.com, cindytomlinson.net, clairecomplita.com, claudioprunotto.com, clayrobison.com/, clearmodernmortgage.com, clsfinancial.com, craigbrock.com, cranehomeloan.com, cscaliforniacapital.com, dandavisloans.com, davidnmortgages.com/, delsurmortgage.com, directlenderteam.com, dmgloans.com, eastbankmtg.com, elementmortgage.com/, erickinnemanloans.com, faulknermortgage.com, findyouahomeloan.com, fosterweeks.com, galencall.com, gethomeloans.com, globalstatemortgage.com, goldeneaglemortgagegroup.com, gordonfriedman.com, granitehl.com, guaranteemortgage.com, hermistonloans.com, hermistonmortgages.com, herohomeprograms.com/oh-scott-dray/, homebuying101.com, homeloansbymimi.com, homeloansbyorlando.com, homeloansbyorlando.com, homeloanwithheather.com, homestarfc.com, hppfinancial.com, htmortgagesolutions.com, idahohomegroup.com, jasonmata.com, jeffbrother.com, jeninoc.com/, jenzakarasmortgage.com, jeremystrunk.com, jesusjimenezloans.com, jjmackteam.com, karencardteam.com, kelicarr.com, kentonbecker.com, kfhomeloans.com, kylenmccray.com, lasallefinancial.com, lendingbyashley.com, lendingbylacy.com, lendsmartmortgage.com, letsmortgage.com, letsmoveforwardinreverse.com, letsmoveforwardinreverse.com, lifeafterprograms.com, lisajfoster.com, lisaloans.com, lisamariebrannon.com, loansbycaleb.com, lsmwholesale.com, macielmortgage.com, mallahanteam.com, marissaandmargo.com, mattchristensenmortgage.com, melisawebb.com, michaelfaulkner.com, mikebelfor.com, mil-loans.com, militarymortgagegroup.net, mortgageconsultantsgroup.net, mortgageloansil.com, mortgageswithmallory.com, mrloans.mortgage.com, mrwrightmortgage.com/, mtlfs.com, mvblending.com, myhomeloan.org, mymortgageguyburke.com, newworld-mtg.com, nmmortgagecompany.com, nmmortgagecompany.com, npacificmortgage.com, nwm-loans.com, o2mortgage.com, oldrepublicmortgage.com, olympic-lending.com, ourloanteam.com, polonsky.com, preferredrate.com, prwholesale.com, qhomelending.com, refinance.elementmortgage.com, ricardonova.com, rivercapitalpdx.com, robincfreeman.com, ryanbukoskey.com, samanthaloans.com, scottbothel.com, seattleloanofficer.business.site, shiningstarfunding.com, sierramortgage.com, solanomortgage.com, sterlinglakecounty.com, steve-tomasellil-links.secure-clix.com, stevehardycma.com, sunstreetmortgage.com, tanishabroadway.com, teamandee.com, teampsaradelis.com, texaslendingpartners.com, theloanline.com, timhemmen.com, townsendcommerciallending.com, treehousemortgage.com, tri-cityloans.com, truenorthhomeloans.com, tylerpetersloans.com/, uslendingcompany.com, valoanchick.com, vaultmtg.com, veteranshomebuyingability.com, wendymariani.com, wendyzampardi.com, yourhomecanhelpyou.com, yourhomeloanexperts.net, yourreverse.com, yourvalleylender.com;mallred@apmortgage.com;916-960-1325;file:///Users/alexandrelazerat/Desktop/scraper.emile/data/west_virginia/25404/COMPANY/COMPANY_1850.html;processed
25404;company;Contour Mortgage Corporation;34384;https://www.nmlsconsumeraccess.org/EntityDetails.aspx/COMPANY/34384;www.contourmortgage.com;compliance@contourmtg.com;516-385-6900;file:///Users/alexandrelazerat/Desktop/scraper.emile/data/west_virginia/25404/COMPANY/COMPANY_34384.html;processed
25404;company;Gold Star Mortgage Financial Group, Corporation;3446;https://www.nmlsconsumeraccess.org/EntityDetails.aspx/COMPANY/3446;www.goldstarfinancial.com;bwebley@goldstarfinancial.com;734-669-3335;file:///Users/alexandrelazerat/Desktop/scraper.emile/data/west_virginia/25404/COMPANY/COMPANY_3446.html;processed
25404;company;Land Home Financial Services, Inc.;1796;https://www.nmlsconsumeraccess.org/EntityDetails.aspx/COMPANY/1796;;;;file:///Users/alexandrelazerat/Desktop/scraper.emile/data/west_virginia/25404/COMPANY/COMPANY_1796.html;processed
25404;company;Paramount Residential Mortgage Group, Inc.;75243;https://www.nmlsconsumeraccess.org/EntityDetails.aspx/COMPANY/75243;www.prmg.net;licensing@prmg.net;951-278-0000;file:///Users/alexandrelazerat/Desktop/scraper.emile/data/west_virginia/25404/COMPANY/COMPANY_75243.html;processed
25434;company;ENRAMEX INC;1136341;https://www.nmlsconsumeraccess.org/EntityDetails.aspx/COMPANY/1136341;www.enramex.com;fibarra@enramex.com;303-291-6000;file:///Users/alexandrelazerat/Desktop/scraper.emile/data/west_virginia/25434/COMPANY/COMPANY_1136341.html;processed
25430;company;Martinsburg VA Center Federal Credit Union;537091;https://www.nmlsconsumeraccess.org/EntityDetails.aspx/COMPANY/537091;;martinsburg@comcast.net;304-263-3454;file:///Users/alexandrelazerat/Desktop/scraper.emile/data/west_virginia/25430/COMPANY/COMPANY_537091.html;processed
25430;company;T2 Financial LLC;1686046;https://www.nmlsconsumeraccess.org/EntityDetails.aspx/COMPANY/1686046;www.revolutionmortgage.com;info@revolutionmortgage.com;419-796-0028;file:///Users/alexandrelazerat/Desktop/scraper.emile/data/west_virginia/25430/COMPANY/COMPANY_1686046.html;processed
25430;company;loanDepot.com, LLC;174457;https://www.nmlsconsumeraccess.org/EntityDetails.aspx/COMPANY/174457;;;;file:///Users/alexandrelazerat/Desktop/scraper.emile/data/west_virginia/25430/COMPANY/COMPANY_174457.html;processed
25428;company;The American Mortgage Group LLC;307255;https://www.nmlsconsumeraccess.org/EntityDetails.aspx/COMPANY/307255;;;;file:///Users/alexandrelazerat/Desktop/scraper.emile/data/west_virginia/25428/COMPANY/COMPANY_307255.html;processed
25438;company;Dahabshil, Inc.;923618;https://www.nmlsconsumeraccess.org/EntityDetails.aspx/COMPANY/923618;https://dahabshil.net/, https://www.dahabshiil.com/us/;dahabline@aol.com;614-527-9300;file:///Users/alexandrelazerat/Desktop/scraper.emile/data/west_virginia/25438/COMPANY/COMPANY_923618.html;processed
25436;company;DOLEX DOLLAR EXPRESS, INC.;910812;https://www.nmlsconsumeraccess.org/EntityDetails.aspx/COMPANY/910812;www.dolex.com;jose.garcia@dolfintech.com;713-205-6301;file:///Users/alexandrelazerat/Desktop/scraper.emile/data/west_virginia/25436/COMPANY/COMPANY_910812.html;processed
25444;company;Western Union Financial Services, Inc.;906983;https://www.nmlsconsumeraccess.org/EntityDetails.aspx/COMPANY/906983;http://www.orlandi-valuta.com, http://www.westernunion.com/;wu-licensing@westernunion.com;720-332-1000;file:///Users/alexandrelazerat/Desktop/scraper.emile/data/west_virginia/25444/COMPANY/COMPANY_906983.html;processed
25440;company;ANH MINH MONEY TRANSFER,INC.;902776;https://www.nmlsconsumeraccess.org/EntityDetails.aspx/COMPANY/902776;none;KELSEADAO@AOL.COM;714-893-4348;file:///Users/alexandrelazerat/Desktop/scraper.emile/data/west_virginia/25440/COMPANY/COMPANY_902776.html;processed
25414;company;Bank of Charles Town;466642;https://www.nmlsconsumeraccess.org/EntityDetails.aspx/COMPANY/466642;;darmstrong@mybct.com;304-728-2456;file:///Users/alexandrelazerat/Desktop/scraper.emile/data/west_virginia/25414/COMPANY/COMPANY_466642.html;processed
25414;company;iharmoni inc;2314224;https://www.nmlsconsumeraccess.org/EntityDetails.aspx/COMPANY/2314224;cornerrockcapital.com, starportco.com;dl@starportco.com;617-939-9923;file:///Users/alexandrelazerat/Desktop/scraper.emile/data/west_virginia/25414/COMPANY/COMPANY_2314224.html;processed
25414;company;Access Financial Mortgage Corp.;1370402;https://www.nmlsconsumeraccess.org/EntityDetails.aspx/COMPANY/1370402;www.accessfmc.com;brande@accessfmc.com;443-494-4001;file:///Users/alexandrelazerat/Desktop/scraper.emile/data/west_virginia/25414/COMPANY/COMPANY_1370402.html;processed
25414;company;American Financial Network, Inc.;237341;https://www.nmlsconsumeraccess.org/EntityDetails.aspx/COMPANY/237341;www.afncorp.com;jessiegener@afncorp.com;714-831-4000;file:///Users/alexandrelazerat/Desktop/scraper.emile/data/west_virginia/25414/COMPANY/COMPANY_237341.html;processed
25414;company;CBM Mortgage, Inc.;282839;https://www.nmlsconsumeraccess.org/EntityDetails.aspx/COMPANY/282839;www.cbmmortgage.com;customerservice@cbmmortgage.com;540-635-1112;file:///Users/alexandrelazerat/Desktop/scraper.emile/data/west_virginia/25414/COMPANY/COMPANY_282839.html;processed
25414;company;Capital First Mortgage, L.L.C.;1941208;https://www.nmlsconsumeraccess.org/EntityDetails.aspx/COMPANY/1941208;Not provided;fred@capitalfirstmtg.com;201-247-7030;file:///Users/alexandrelazerat/Desktop/scraper.emile/data/west_virginia/25414/COMPANY/COMPANY_1941208.html;processed
25414;company;Molitor Financial Group, LLC;227034;https://www.nmlsconsumeraccess.org/EntityDetails.aspx/COMPANY/227034;www.molitorfinancialgroup.com;Troym@molitorfinancial.com;773-275-3100;file:///Users/alexandrelazerat/Desktop/scraper.emile/data/west_virginia/25414/COMPANY/COMPANY_227034.html;processed
25414;company;Planet Home Lending, LLC;17022;https://www.nmlsconsumeraccess.org/EntityDetails.aspx/COMPANY/17022;;;;file:///Users/alexandrelazerat/Desktop/scraper.emile/data/west_virginia/25414/COMPANY/COMPANY_17022.html;processed
25414;company;Coast2Coast Mortgage, LLC;376205;https://www.nmlsconsumeraccess.org/EntityDetails.aspx/COMPANY/376205;;;;file:///Users/alexandrelazerat/Desktop/scraper.emile/data/west_virginia/25414/COMPANY/COMPANY_376205.html;processed
25414;company;Homestar Financial Corporation;70864;https://www.nmlsconsumeraccess.org/EntityDetails.aspx/COMPANY/70864;;;;file:///Users/alexandrelazerat/Desktop/scraper.emile/data/west_virginia/25414/COMPANY/COMPANY_70864.html;processed
25414;company;SecurityNational Mortgage Company;3116;https://www.nmlsconsumeraccess.org/EntityDetails.aspx/COMPANY/3116;;;;file:///Users/alexandrelazerat/Desktop/scraper.emile/data/west_virginia/25414/COMPANY/COMPANY_3116.html;processed
25414;company;Success Mortgage Partners, Inc.;130562;https://www.nmlsconsumeraccess.org/EntityDetails.aspx/COMPANY/130562;;;;file:///Users/alexandrelazerat/Desktop/scraper.emile/data/west_virginia/25414/COMPANY/COMPANY_130562.html;processed
25443;company;American Express Travel Related Services Company, Inc.;913828;https://www.nmlsconsumeraccess.org/EntityDetails.aspx/COMPANY/913828;www.americanexpress.com, www.bluebird.com;Not provided;212-640-2000;file:///Users/alexandrelazerat/Desktop/scraper.emile/data/west_virginia/25443/COMPANY/COMPANY_913828.html;processed
25443;company;GLENN ASSOCIATES MID-ATLANTIC, INC.;1653162;https://www.nmlsconsumeraccess.org/EntityDetails.aspx/COMPANY/1653162;WWW.GLENNASSOCIATESMIDATLANTIC.COM;BFOSTER@GLENNASSOCIATESMIDATLANTIC.COM;800-938-4700;file:///Users/alexandrelazerat/Desktop/scraper.emile/data/west_virginia/25443/COMPANY/COMPANY_1653162.html;processed
25443;company;JEFFERSON SECURITY BANK;401471;https://www.nmlsconsumeraccess.org/EntityDetails.aspx/COMPANY/401471;;wbonfili@jsb.bank;304-876-9000;file:///Users/alexandrelazerat/Desktop/scraper.emile/data/west_virginia/25443/COMPANY/COMPANY_401471.html;processed
25443;company;Core Mortgage Services, LLC;1157987;https://www.nmlsconsumeraccess.org/EntityDetails.aspx/COMPANY/1157987;http://www.coremortgageservices.com;jmateo@coremortgageservices.com;814-272-0125;file:///Users/alexandrelazerat/Desktop/scraper.emile/data/west_virginia/25443/COMPANY/COMPANY_1157987.html;processed
25447;company;Sigue Corporation;915912;https://www.nmlsconsumeraccess.org/EntityDetails.aspx/COMPANY/915912;www.sigue.com;cathe.casillas@sigue.com;818-493-5101;file:///Users/alexandrelazerat/Desktop/scraper.emile/data/west_virginia/25447/COMPANY/COMPANY_915912.html;processed
25481;company;Mortgage Network, Inc.;2668;https://www.nmlsconsumeraccess.org/EntityDetails.aspx/COMPANY/2668;www.mortgagenetwork.com;dsmith@mortgagenetwork.com;978-777-7500;file:///Users/alexandrelazerat/Desktop/scraper.emile/data/west_virginia/25481/COMPANY/COMPANY_2668.html;processed
25485;company;LBC Mabuhay North America Corporation;1130400;https://www.nmlsconsumeraccess.org/EntityDetails.aspx/COMPANY/1130400;www.lbcexpress.com;hbonilla@lbcusa.net;650-534-8739;file:///Users/alexandrelazerat/Desktop/scraper.emile/data/west_virginia/25485/COMPANY/COMPANY_1130400.html;processed
25479;company;Intermex Wire Transfer, LLC;897906;https://www.nmlsconsumeraccess.org/EntityDetails.aspx/COMPANY/897906;remitusa.lbcexpress.com, www.amigopaisano.com, www.intermexonline.com, www.lanacional.com;lsalazar@intermexusa.com;305-671-8000x1275;file:///Users/alexandrelazerat/Desktop/scraper.emile/data/west_virginia/25479/COMPANY/COMPANY_897906.html;processed
25486;company;Hashi Money Wiring LLC;906169;https://www.nmlsconsumeraccess.org/EntityDetails.aspx/COMPANY/906169;Not provided;hashi03@msn.com;206-246-5048;file:///Users/alexandrelazerat/Desktop/scraper.emile/data/west_virginia/25486/COMPANY/COMPANY_906169.html;processed
25487;company;Dandelion Payments, Inc.;920968;https://www.nmlsconsumeraccess.org/EntityDetails.aspx/COMPANY/920968;www.dandelionpayments.com, www.riafinancial.com, www.riamoneytransfer.com, www.xe.com;uslicensing@riamoneytransfer.com;562-345-2100;file:///Users/alexandrelazerat/Desktop/scraper.emile/data/west_virginia/25487/COMPANY/COMPANY_920968.html;processed
25493;company;MoneyGram Payment Systems, Inc.;898432;https://www.nmlsconsumeraccess.org/EntityDetails.aspx/COMPANY/898432;www.moneygram.com;regulatoryoperations@moneygram.com;952-591-3000;file:///Users/alexandrelazerat/Desktop/scraper.emile/data/west_virginia/25493/COMPANY/COMPANY_898432.html;processed
25494;company;CheckFreePay Corporation;908760;https://www.nmlsconsumeraccess.org/EntityDetails.aspx/COMPANY/908760;https://cw411.checkfreeweb.com/pcw411/wps?rq=home&sp=CFWB2, www.checkfreepay.com, www.mycheckfree.com;statecompliance@Fiserv.com;973-946-8397;file:///Users/alexandrelazerat/Desktop/scraper.emile/data/west_virginia/25494/COMPANY/COMPANY_908760.html;processed
25497;company;Populus Financial Group, Inc.;13685;https://www.nmlsconsumeraccess.org/EntityDetails.aspx/COMPANY/13685;www.acecash.com, www.acecashexpress.com, www.populusfinancial.com;compliance@populusfinancial.com;972-550-5000;file:///Users/alexandrelazerat/Desktop/scraper.emile/data/west_virginia/25497/COMPANY/COMPANY_13685.html;processed
25504;company;The First State Bank;462675;https://www.nmlsconsumeraccess.org/EntityDetails.aspx/COMPANY/462675;;helena@fsb-wv.com;304-736-5271;file:///Users/alexandrelazerat/Desktop/scraper.emile/data/west_virginia/25504/COMPANY/COMPANY_462675.html;processed
25504;company;First Priority Federal Credit Union;506439;https://www.nmlsconsumeraccess.org/EntityDetails.aspx/COMPANY/506439;;kchristian@firstpriorityfcu.org;304-522-9450X102;file:///Users/alexandrelazerat/Desktop/scraper.emile/data/west_virginia/25504/COMPANY/COMPANY_506439.html;processed
25504;company;HOMETOWN LENDERS, INC.;65084;https://www.nmlsconsumeraccess.org/EntityDetails.aspx/COMPANY/65084;https://mycity.mortgage/, www.htlenders.com;jwilson@htlenders.com;256-828-8883;file:///Users/alexandrelazerat/Desktop/scraper.emile/data/west_virginia/25504/COMPANY/COMPANY_65084.html;processed
25504;company;Stockton Mortgage Corporation;8259;https://www.nmlsconsumeraccess.org/EntityDetails.aspx/COMPANY/8259;www.quillo.com, www.smcapproved.com, www.stockton.com, www.stocktonmortgagefunding.com;licensing@stockton.com;502-227-1100;file:///Users/alexandrelazerat/Desktop/scraper.emile/data/west_virginia/25504/COMPANY/COMPANY_8259.html;processed
25521;company;Sunset Management, Inc;2045071;https://www.nmlsconsumeraccess.org/EntityDetails.aspx/COMPANY/2045071;www.sunsetfinance.net;tfletcher@sunsetfinance.net;864-886-9950x103;file:///Users/alexandrelazerat/Desktop/scraper.emile/data/west_virginia/25521/COMPANY/COMPANY_2045071.html;processed
25517;company;Welcome Home Centers, Inc.;142015;https://www.nmlsconsumeraccess.org/EntityDetails.aspx/COMPANY/142015;welcomehomecenters.com;chrisj@owlhomes.com;814-371-7273;file:///Users/alexandrelazerat/Desktop/scraper.emile/data/west_virginia/25517/COMPANY/COMPANY_142015.html;processed
25544;company;Walmart Inc.;1239954;https://www.nmlsconsumeraccess.org/EntityDetails.aspx/COMPANY/1239954;www.wal-mart.com;complic@wal-mart.com;479-204-6148;file:///Users/alexandrelazerat/Desktop/scraper.emile/data/west_virginia/25544/COMPANY/COMPANY_1239954.html;processed
25526;company;Putnam County Bank;407892;https://www.nmlsconsumeraccess.org/EntityDetails.aspx/COMPANY/407892;;ajones@putcobk.com;304-562-9931x23;file:///Users/alexandrelazerat/Desktop/scraper.emile/data/west_virginia/25526/COMPANY/COMPANY_407892.html;processed
25526;company;True Local Mortgage LLC;2517779;https://www.nmlsconsumeraccess.org/EntityDetails.aspx/COMPANY/2517779;www.refocusmortgage.com;wes@refocusmtg.com;304-521-4832;file:///Users/alexandrelazerat/Desktop/scraper.emile/data/west_virginia/25526/COMPANY/COMPANY_2517779.html;processed
25526;company;Siwell, Inc.;149169;https://www.nmlsconsumeraccess.org/EntityDetails.aspx/COMPANY/149169;www.capitalmort.com;jdeitiker@capitalmort.com;806-796-7231;file:///Users/alexandrelazerat/Desktop/scraper.emile/data/west_virginia/25526/COMPANY/COMPANY_149169.html;processed
25526;company;Guaranteed Rate, Inc.;2611;https://www.nmlsconsumeraccess.org/EntityDetails.aspx/COMPANY/2611;;;;file:///Users/alexandrelazerat/Desktop/scraper.emile/data/west_virginia/25526/COMPANY/COMPANY_2611.html;processed
25698;company;FIRST NORTH CAPITAL CORP.;25698;https://www.nmlsconsumeraccess.org/EntityDetails.aspx/COMPANY/25698;Not provided;anthony@anflaw.com;631-321-1111;file:///Users/alexandrelazerat/Desktop/scraper.emile/data/west_virginia/25698/COMPANY/COMPANY_25698.html;processed
25726;company;Habitat for Humanity of the Tri-State, Inc.;1279899;https://www.nmlsconsumeraccess.org/EntityDetails.aspx/COMPANY/1279899;www.hfhtristate.org;nikki@hahabitat.org;304-523-4822;file:///Users/alexandrelazerat/Desktop/scraper.emile/data/west_virginia/25726/COMPANY/COMPANY_1279899.html;processed
25243;company;Norwich Commercial Group, Inc.;71655;https://www.nmlsconsumeraccess.org/EntityDetails.aspx/COMPANY/71655;http://www.norcommortgage.com, www.facebook.com/norcommortgage, www.militarydirectmortgage.com, www.norcom-usa.com, www.norcomdirect.com, www.norcompartners.com;michael.angotti@norcom-usa.com;860-676-8003;file:///Users/alexandrelazerat/Desktop/scraper.emile/data/west_virginia/25243/COMPANY/COMPANY_71655.html;processed
25276;company;First Neighborhood Bank, Inc.;401675;https://www.nmlsconsumeraccess.org/EntityDetails.aspx/COMPANY/401675;;Not provided;(304)927-1750;file:///Users/alexandrelazerat/Desktop/scraper.emile/data/west_virginia/25276/COMPANY/COMPANY_401675.html;processed
25452;company;Pacific Residential Mortgage, LLC;1477;https://www.nmlsconsumeraccess.org/EntityDetails.aspx/COMPANY/1477;www.pacresmortgage.com;eric.wiley@pacresmortgage.com;503-699-5626;file:///Users/alexandrelazerat/Desktop/scraper.emile/data/west_virginia/25452/COMPANY/COMPANY_1477.html;processed
25548;company;American Commercial Lending, Inc.;130757;https://www.nmlsconsumeraccess.org/EntityDetails.aspx/COMPANY/130757;www.americancommerciallending.com, www.americanmortgagelending.com;jeff@americancommerciallending.com;215-574-8810 x100;file:///Users/alexandrelazerat/Desktop/scraper.emile/data/west_virginia/25548/COMPANY/COMPANY_130757.html;processed
25569;company;1st Capital Finance of South Carolina Inc;1966027;https://www.nmlsconsumeraccess.org/EntityDetails.aspx/COMPANY/1966027;Not provided;wesharden@gmail.com;478-804-2555;file:///Users/alexandrelazerat/Desktop/scraper.emile/data/west_virginia/25569/COMPANY/COMPANY_1966027.html;processed
25601;company;Logan Bank & Trust Company;786159;https://www.nmlsconsumeraccess.org/EntityDetails.aspx/COMPANY/786159;;jworkman@lbandt.com;304-752-1166;file:///Users/alexandrelazerat/Desktop/scraper.emile/data/west_virginia/25601/COMPANY/COMPANY_786159.html;processed
25601;company;PRIDE COMMUNITY SERVICES, INC.;929623;https://www.nmlsconsumeraccess.org/EntityDetails.aspx/COMPANY/929623;www.prideinlogan.com;lisha.whitt@loganpride.com;304-752-2585;file:///Users/alexandrelazerat/Desktop/scraper.emile/data/west_virginia/25601/COMPANY/COMPANY_929623.html;processed
25613;company;Longbridge Financial, LLC;957935;https://www.nmlsconsumeraccess.org/EntityDetails.aspx/COMPANY/957935;twitter.com/longbridgellc, www.facebook.com/LBFreversemortgages, www.HECMspecialist.com, www.LendingLauren.com, www.linkedin.com/company/longbridge-financial, www.longbridge-financial.com, www.reversemortgagejuliarailey.com, www.ReverseTX.com, www.thehecmreverse.com, www.youtube.com/watch?v=geQA-h9cAa8;longbridge@longbridge-financial.com;855-523-4326;file:///Users/alexandrelazerat/Desktop/scraper.emile/data/west_virginia/25613/COMPANY/COMPANY_957935.html;processed
25618;company;Beatriz J. Van Gieson;144557;https://www.nmlsconsumeraccess.org/EntityDetails.aspx/COMPANY/144557;Not provided;beatriz.van.gieson@gmail.com;570-629-9025;file:///Users/alexandrelazerat/Desktop/scraper.emile/data/west_virginia/25618/COMPANY/COMPANY_144557.html;processed
25632;company;Assurance Financial Group, L.L.C.;70876;https://www.nmlsconsumeraccess.org/EntityDetails.aspx/COMPANY/70876;www.assurancemortgage.com;kmhodges@assurancemortgage.com;225-448-2684;file:///Users/alexandrelazerat/Desktop/scraper.emile/data/west_virginia/25632/COMPANY/COMPANY_70876.html;processed
25634;company;Asset Mutual Mortgage,Inc.,An Illinois Corporation;184303;https://www.nmlsconsumeraccess.org/EntityDetails.aspx/COMPANY/184303;www.assetmutualmortgage.com;adam@assetmutualmortgage.com;708-532-2500;file:///Users/alexandrelazerat/Desktop/scraper.emile/data/west_virginia/25634/COMPANY/COMPANY_184303.html;processed
25645;company;First Home Mortgage Corporation;71603;https://www.nmlsconsumeraccess.org/EntityDetails.aspx/COMPANY/71603;www.firsthome.com;jdorr@firsthome.com;410-933-3100x1071;file:///Users/alexandrelazerat/Desktop/scraper.emile/data/west_virginia/25645/COMPANY/COMPANY_71603.html;processed
25647;company;PayPal, Inc.;910457;https://www.nmlsconsumeraccess.org/EntityDetails.aspx/COMPANY/910457;www.paylution.com, www.paypal.com, www.venmo.com, www.xoom.com;dfi@paypal.com;917-912-0974;file:///Users/alexandrelazerat/Desktop/scraper.emile/data/west_virginia/25647/COMPANY/COMPANY_910457.html;processed
25660;company;SoFI Lending Corp.;1121636;https://www.nmlsconsumeraccess.org/EntityDetails.aspx/COMPANY/1121636;www.sofi.com;licensing@sofi.com;415-549-0496;file:///Users/alexandrelazerat/Desktop/scraper.emile/data/west_virginia/25660/COMPANY/COMPANY_1121636.html;processed
25661;company;The First National Bank of Williamson;452585;https://www.nmlsconsumeraccess.org/EntityDetails.aspx/COMPANY/452585;;kmharrison@yourfnbonline.com;304-235-5300;file:///Users/alexandrelazerat/Desktop/scraper.emile/data/west_virginia/25661/COMPANY/COMPANY_452585.html;processed
25661;company;GUARANTY BANK INC.;815661;https://www.nmlsconsumeraccess.org/EntityDetails.aspx/COMPANY/815661;;msipple@thebankofmingo.com;304-475-1900;file:///Users/alexandrelazerat/Desktop/scraper.emile/data/west_virginia/25661/COMPANY/COMPANY_815661.html;processed
25670;company;Housing Authority of Mingo County;371800;https://www.nmlsconsumeraccess.org/EntityDetails.aspx/COMPANY/371800;www.mingohousing.com;belindaharness@mingohousing.com;304-475-4663;file:///Users/alexandrelazerat/Desktop/scraper.emile/data/west_virginia/25670/COMPANY/COMPANY_371800.html;processed
25694;company;Anthony Macerelli;128683;https://www.nmlsconsumeraccess.org/EntityDetails.aspx/COMPANY/128683;www.mortgagetechhomeloans.com;amacerelli@gmail.com;888-696-3386;file:///Users/alexandrelazerat/Desktop/scraper.emile/data/west_virginia/25694/COMPANY/COMPANY_128683.html;processed
25701;company;CHHE Federal Credit Union;2607742;https://www.nmlsconsumeraccess.org/EntityDetails.aspx/COMPANY/2607742;;memberservice@chhe.org;304-525-4145;file:///Users/alexandrelazerat/Desktop/scraper.emile/data/west_virginia/25701/COMPANY/COMPANY_2607742.html;processed
25701;company;HUNTINGTONIZED FEDERAL CREDIT UNION;484003;https://www.nmlsconsumeraccess.org/EntityDetails.aspx/COMPANY/484003;;HFCU@HUNTINGTONIZED.COM;304-528-2400;file:///Users/alexandrelazerat/Desktop/scraper.emile/data/west_virginia/25701/COMPANY/COMPANY_484003.html;processed
25701;company;Huntington C&O Railway Employees Federal Credit Union;416054;https://www.nmlsconsumeraccess.org/EntityDetails.aspx/COMPANY/416054;;b.whitlock@c-creditunion.com;304-522-7998;file:///Users/alexandrelazerat/Desktop/scraper.emile/data/west_virginia/25701/COMPANY/COMPANY_416054.html;processed
25701;company;Huntington Federal Savings Bank;412667;https://www.nmlsconsumeraccess.org/EntityDetails.aspx/COMPANY/412667;;huntingtonfederal@huntingtonfederal.com;304-528-6200;file:///Users/alexandrelazerat/Desktop/scraper.emile/data/west_virginia/25701/COMPANY/COMPANY_412667.html;processed
25702;company;Crown Finance, Inc.;2033455;https://www.nmlsconsumeraccess.org/EntityDetails.aspx/COMPANY/2033455;Not provided;wsowell@okinus.com;229-294-2521;file:///Users/alexandrelazerat/Desktop/scraper.emile/data/west_virginia/25702/COMPANY/COMPANY_2033455.html;processed
25702;company;Premier Bank, Inc.;655261;https://www.nmlsconsumeraccess.org/EntityDetails.aspx/COMPANY/655261;;katrina.whitt@pfbiwv.com;304-525-1600x225;file:///Users/alexandrelazerat/Desktop/scraper.emile/data/west_virginia/25702/COMPANY/COMPANY_655261.html;processed
25702;company;Universal Federal Credit Union;402900;https://www.nmlsconsumeraccess.org/EntityDetails.aspx/COMPANY/402900;;donnah@universalfcu.com;304-697-2919;file:///Users/alexandrelazerat/Desktop/scraper.emile/data/west_virginia/25702/COMPANY/COMPANY_402900.html;processed
25703;company;Metro Community Federal Credit Union;746478;https://www.nmlsconsumeraccess.org/EntityDetails.aspx/COMPANY/746478;;rwhitley@metrocommunityfcu.com;304-697-4652;file:///Users/alexandrelazerat/Desktop/scraper.emile/data/west_virginia/25703/COMPANY/COMPANY_746478.html;processed
25704;company;I.P.F. Corp.;1985752;https://www.nmlsconsumeraccess.org/EntityDetails.aspx/COMPANY/1985752;Not provided;kdillard@bloss-dillard.com;304-429-5512;file:///Users/alexandrelazerat/Desktop/scraper.emile/data/west_virginia/25704/COMPANY/COMPANY_1985752.html;processed
25704;company;IBEW #317 Federal Credit Union;1069194;https://www.nmlsconsumeraccess.org/EntityDetails.aspx/COMPANY/1069194;;ibew317fcu@comcast.net;304-522-4871;file:///Users/alexandrelazerat/Desktop/scraper.emile/data/west_virginia/25704/COMPANY/COMPANY_1069194.html;processed
25722;company;Loan South Finance Corporation;2031643;https://www.nmlsconsumeraccess.org/EntityDetails.aspx/COMPANY/2031643;Personal Loans | Service Loans | Small Loans (serviceloansouth.com), Service Loan South - Home | Facebook;rebecca.barfield@loansouthfinance.com;229-777-0058;file:///Users/alexandrelazerat/Desktop/scraper.emile/data/west_virginia/25722/COMPANY/COMPANY_2031643.html;processed
25705;company;CalCon Mutual Mortgage LLC;46375;https://www.nmlsconsumeraccess.org/EntityDetails.aspx/COMPANY/46375;www.calconmutualmortgage.com, www.joinonetrust.com, www.onetrusthomeloans.com, www.onetrustwholesale.com, www.partnerhomeloans.com, www.savihl.com, www.warpspeedmortgage.com;licensing@onetrusthomeloans.com;888-488-3807;file:///Users/alexandrelazerat/Desktop/scraper.emile/data/west_virginia/25705/COMPANY/COMPANY_46375.html;processed
25705;company;Caliber Home Loans, Inc.;15622;https://www.nmlsconsumeraccess.org/EntityDetails.aspx/COMPANY/15622;http://dianamacfarlane.com/, www.caliberhomeloans.com, www.calibermilitarylending.com, www.caliberportfoliolending.com, www.caliberwholesale.com, www.linkedin.com/company/caliber-home-loans;shantay.griffin@caliberhomeloans.com;866-317-2347;file:///Users/alexandrelazerat/Desktop/scraper.emile/data/west_virginia/25705/COMPANY/COMPANY_15622.html;processed
25705;company;NewRez LLC;3013;https://www.nmlsconsumeraccess.org/EntityDetails.aspx/COMPANY/3013;www.newrez.com, www.newrezcorrespondent.com, www.newrezwholesale.com, www.shellpointmtg.com;smsp@newrez.com;864-312-3693;file:///Users/alexandrelazerat/Desktop/scraper.emile/data/west_virginia/25705/COMPANY/COMPANY_3013.html;processed
25705;company;OneMain Financial, Inc.;398644;https://www.nmlsconsumeraccess.org/EntityDetails.aspx/COMPANY/398644;WWW.OMF.COM, www.onemainfinancial.com;terri.baer@omf.com;410-537-9168;file:///Users/alexandrelazerat/Desktop/scraper.emile/data/west_virginia/25705/COMPANY/COMPANY_398644.html;processed
25750;company;Order Express, Inc.;976030;https://www.nmlsconsumeraccess.org/EntityDetails.aspx/COMPANY/976030;www.orderexpress.com;licensing@orderexpress.com;312-235-5200;file:///Users/alexandrelazerat/Desktop/scraper.emile/data/west_virginia/25750/COMPANY/COMPANY_976030.html;processed
25782;company;Phoenix Financial Holdings, Inc.;2029924;https://www.nmlsconsumeraccess.org/EntityDetails.aspx/COMPANY/2029924;serviceloansouth.com;carolc@waltersmgmt.com;770-534-1094;file:///Users/alexandrelazerat/Desktop/scraper.emile/data/west_virginia/25782/COMPANY/COMPANY_2029924.html;processed
25787;company;Atlanta Check Cashers, Inc;1225519;https://www.nmlsconsumeraccess.org/EntityDetails.aspx/COMPANY/1225519;gomoneycenter.com;compliance@ncfscorp.com;770-608-4515;file:///Users/alexandrelazerat/Desktop/scraper.emile/data/west_virginia/25787/COMPANY/COMPANY_1225519.html;processed
25770;company;NFM, Inc.;2893;https://www.nmlsconsumeraccess.org/EntityDetails.aspx/COMPANY/2893;aaronninness.com, https://anutterhomeloan.com/, https://elementhl.com/, https://thatmortgageguy.squarespace.com/, https://thecowartteam.com/, https://themortgageplanner.com/, https://www.1stxhomebuyer.com/, https://www.aimforhomeownership.com/, https://www.helpingyouhomeloans.com/, https://www.trustedhomeloanshi.com/, https://www.winthehouseyoulove.com/, www.bluprinthomeloans.com, www.deannellis.com, www.GregCowart.com, www.mainstreethl.com, www.mortgagemattid.com, www.mybploan.com, www.nfmbranch.com, www.nfmlending.com, www.nfmlending.com/AZ327, www.nfmlending.org, www.nfmmedia.net, www.nfmsalute.com, www.TeamPetros.com, www.threeeasysteps.me;licensing@nfmlending.com;888-233-0092;file:///Users/alexandrelazerat/Desktop/scraper.emile/data/west_virginia/25770/COMPANY/COMPANY_2893.html;processed